inputs_all	8.5	2.69	240
ffn_up	10.1	3.42	216
ffn_down	10.8	3.49	216
attn1_qkv	11.9	3.76	168
block_22	12.0	3.88	230
attn1_out	12.1	3.74	216
block_19	12.3	3.93	230
block_20	12.3	3.90	230
block_23	12.3	3.90	230
v_all	12.3	3.89	216
weights_all	12.3	3.36	0
block_16	12.4	3.97	230
block_17	12.4	3.96	230
block_18	12.4	3.95	230
v_2324	12.4	3.95	238
block_15	12.5	3.98	230
block_13	12.6	3.99	230
block_14	12.6	3.99	230
block_03	12.7	4.02	230
block_05	12.7	4.02	230
block_09	12.7	4.01	230
block_10	12.7	4.02	230
block_11	12.7	4.00	230
block_12	12.7	4.02	230
block_24	12.7	3.94	230
attn2_out	12.8	4.05	216
base	12.8	4.04	240
block_08	12.8	4.02	230
block_21	12.8	3.90	230
block_25	12.8	3.94	230
block_26	12.8	3.96	230
block_06	12.9	3.95	230
block_07	12.9	4.00	230
attn2_qkv	13.0	4.01	168
block_04	13.0	4.01	230
